title,description,created_at
Fix validation error #1,Configured automated build and deployment pipeline,2024-04-30 12:18:00
Add health check #2,Added support for paginated responses in the API layer,2024-05-09 14:09:00
Add notifications #3,Revised docs to reflect recent architectural changes,2024-09-09 05:37:00
Add analytics #4,Added throttling to prevent abuse of public endpoints,2024-12-29 17:15:00
Update dependencies #5,Bumped library versions to patch known vulnerabilities,2024-06-30 22:58:00
Fix file upload #6,Refactored code to improve maintainability and readability,2024-11-15 00:46:00
Add notifications #7,Refactored code to improve maintainability and readability,2024-12-22 13:46:00
Add unit tests #8,Added support for paginated responses in the API layer,2024-12-18 19:39:00
Add pagination #9,Added support for paginated responses in the API layer,2024-04-21 15:52:00
Add dark mode #10,Revised docs to reflect recent architectural changes,2024-01-11 03:19:00
Add analytics #11,Added comprehensive test coverage for critical paths,2024-11-30 09:15:00
Add search feature #12,Resolved an issue causing unexpected behavior in production,2024-06-09 21:47:00
Add search feature #13,Identified and fixed a resource leak under heavy load,2024-05-30 12:19:00
Add pagination #14,Enhanced observability with structured logging,2024-01-09 21:34:00
Add health check #15,Bumped library versions to patch known vulnerabilities,2024-07-10 09:43:00
Update dashboard #16,Bumped library versions to patch known vulnerabilities,2024-04-03 17:49:00
Add search feature #17,Refactored code to improve maintainability and readability,2024-07-29 10:27:00
Add unit tests #18,Enhanced observability with structured logging,2024-12-15 08:42:00
Fix validation error #19,Identified and fixed a resource leak under heavy load,2024-06-19 14:06:00
Add export feature #20,Refactored code to improve maintainability and readability,2024-04-05 01:37:00
Add rate limiting #21,Configured automated build and deployment pipeline,2024-09-13 18:55:00
Fix validation error #22,Introduced caching to reduce database load,2024-10-03 05:55:00
Add search feature #23,Added support for paginated responses in the API layer,2024-10-07 23:33:00
Add websockets #24,Configured automated build and deployment pipeline,2024-03-19 16:25:00
Add search feature #25,Resolved an issue causing unexpected behavior in production,2024-01-13 23:44:00
Refactor API #26,Applied schema changes required for the new feature set,2024-09-12 03:47:00
Add health check #27,Resolved an issue causing unexpected behavior in production,2024-08-06 08:34:00
Fix file upload #28,Resolved an issue causing unexpected behavior in production,2024-03-31 01:33:00
Add rate limiting #29,Introduced caching to reduce database load,2024-06-12 18:13:00
Improve logging #30,Introduced caching to reduce database load,2024-06-11 18:50:00
Update documentation #31,Enhanced observability with structured logging,2024-09-05 12:25:00
Fix memory leak #32,Fixed concurrent access issue in shared state,2024-09-09 09:21:00
Add search feature #33,Revised docs to reflect recent architectural changes,2024-02-26 14:23:00
Fix CORS issue #34,Updated existing module to improve performance and reliability,2024-06-22 02:34:00
Fix CORS issue #35,Implemented new functionality as requested by the product team,2024-10-31 11:11:00
Fix file upload #36,Identified and fixed a resource leak under heavy load,2024-11-29 02:08:00
Update dependencies #37,Bumped library versions to patch known vulnerabilities,2024-02-10 16:06:00
Update documentation #38,Implemented new functionality as requested by the product team,2024-08-23 23:47:00
Add unit tests #39,Identified and fixed a resource leak under heavy load,2024-09-05 01:53:00
Add notifications #40,Resolved an issue causing unexpected behavior in production,2024-09-16 17:28:00
Add websockets #41,Added support for paginated responses in the API layer,2024-10-11 18:39:00
Optimize queries #42,Introduced caching to reduce database load,2024-07-04 16:15:00
Fix timeout issue #43,Fixed concurrent access issue in shared state,2024-04-20 02:12:00
Update error handling #44,Enhanced observability with structured logging,2024-11-13 07:09:00
Setup CI/CD #45,Identified and fixed a resource leak under heavy load,2024-06-30 09:23:00
Add export feature #46,Bumped library versions to patch known vulnerabilities,2024-11-19 08:07:00
Add websockets #47,Implemented new functionality as requested by the product team,2024-12-13 12:01:00
Fix race condition #48,Identified and fixed a resource leak under heavy load,2024-01-09 11:20:00
Add export feature #49,Refactored code to improve maintainability and readability,2024-04-22 17:47:00
Add dark mode #50,Refactored code to improve maintainability and readability,2024-09-29 06:22:00
Add health check #51,Added support for paginated responses in the API layer,2024-04-30 15:37:00
Add dark mode #52,Refactored code to improve maintainability and readability,2024-10-28 08:24:00
Add user roles #53,Resolved an issue causing unexpected behavior in production,2024-05-09 01:26:00
Improve logging #54,Configured automated build and deployment pipeline,2024-11-29 03:07:00
Add notifications #55,Updated existing module to improve performance and reliability,2024-08-03 16:03:00
Setup CI/CD #56,Resolved an issue causing unexpected behavior in production,2024-10-29 06:12:00
Add health check #57,Applied schema changes required for the new feature set,2024-08-11 02:46:00
Update error handling #58,Identified and fixed a resource leak under heavy load,2024-10-14 02:00:00
Update dashboard #59,Added throttling to prevent abuse of public endpoints,2024-02-21 00:31:00
Add analytics #60,Enhanced observability with structured logging,2024-11-03 13:05:00
Add pagination #61,Implemented new functionality as requested by the product team,2024-11-21 06:01:00
Add search feature #62,Updated existing module to improve performance and reliability,2024-05-10 14:05:00
Update documentation #63,Added support for paginated responses in the API layer,2024-04-18 04:42:00
Update error handling #64,Configured automated build and deployment pipeline,2024-04-15 17:29:00
Add analytics #65,Implemented new functionality as requested by the product team,2024-12-16 21:17:00
Refactor API #66,Refactored code to improve maintainability and readability,2024-07-08 07:28:00
Add pagination #67,Added comprehensive test coverage for critical paths,2024-04-12 18:31:00
Add export feature #68,Added throttling to prevent abuse of public endpoints,2024-11-11 15:12:00
Update dependencies #69,Implemented new functionality as requested by the product team,2024-09-02 00:30:00
Fix CORS issue #70,Implemented new functionality as requested by the product team,2024-04-04 08:03:00
Fix validation error #71,Implemented new functionality as requested by the product team,2024-08-12 21:42:00
Add dark mode #72,Fixed concurrent access issue in shared state,2024-10-06 17:49:00
Fix validation error #73,Fixed concurrent access issue in shared state,2024-12-11 09:04:00
Add unit tests #74,Added support for paginated responses in the API layer,2024-03-04 05:21:00
Update documentation #75,Configured automated build and deployment pipeline,2024-09-18 23:10:00
Refactor API #76,Implemented new functionality as requested by the product team,2024-06-16 00:58:00
Add user roles #77,Added support for paginated responses in the API layer,2024-10-20 17:08:00
Add rate limiting #78,Implemented new functionality as requested by the product team,2024-01-13 23:53:00
Add search feature #79,Revised docs to reflect recent architectural changes,2024-05-12 14:14:00
Add authentication #80,Identified and fixed a resource leak under heavy load,2024-10-15 22:15:00
Optimize queries #81,Fixed concurrent access issue in shared state,2024-07-27 04:30:00
Setup CI/CD #82,Added comprehensive test coverage for critical paths,2024-10-07 08:43:00
Add pagination #83,Revised docs to reflect recent architectural changes,2024-02-02 09:03:00
Update documentation #84,Refactored code to improve maintainability and readability,2024-08-04 04:24:00
Add authentication #85,Fixed concurrent access issue in shared state,2024-01-07 05:28:00
Fix validation error #86,Applied schema changes required for the new feature set,2024-05-04 02:18:00
Setup CI/CD #87,Revised docs to reflect recent architectural changes,2024-04-02 05:48:00
Add notifications #88,Applied schema changes required for the new feature set,2024-07-17 20:14:00
Add websockets #89,Applied schema changes required for the new feature set,2024-09-05 00:19:00
Add export feature #90,Implemented new functionality as requested by the product team,2024-12-17 23:53:00
Fix file upload #91,Bumped library versions to patch known vulnerabilities,2024-06-19 10:44:00
Setup CI/CD #92,Fixed concurrent access issue in shared state,2024-02-28 22:50:00
Add rate limiting #93,Configured automated build and deployment pipeline,2024-09-13 02:47:00
Add notifications #94,Added support for paginated responses in the API layer,2024-01-29 10:05:00
Add user roles #95,Applied schema changes required for the new feature set,2024-02-08 23:47:00
Add export feature #96,Added support for paginated responses in the API layer,2024-05-20 09:47:00
Optimize queries #97,Applied schema changes required for the new feature set,2024-01-20 12:15:00
Update documentation #98,Introduced caching to reduce database load,2024-03-06 03:23:00
Update dashboard #99,Added throttling to prevent abuse of public endpoints,2024-12-28 17:16:00
Add pagination #100,Added comprehensive test coverage for critical paths,2024-05-20 09:44:00
Fix CORS issue #101,Added comprehensive test coverage for critical paths,2024-04-09 21:01:00
Fix memory leak #102,Identified and fixed a resource leak under heavy load,2024-10-09 03:46:00
Add rate limiting #103,Updated existing module to improve performance and reliability,2024-10-30 23:26:00
Setup CI/CD #104,Refactored code to improve maintainability and readability,2024-05-20 14:51:00
Add pagination #105,Configured automated build and deployment pipeline,2024-09-29 10:57:00
Add websockets #106,Applied schema changes required for the new feature set,2024-08-28 13:47:00
Setup CI/CD #107,Added comprehensive test coverage for critical paths,2024-04-29 01:48:00
Fix race condition #108,Identified and fixed a resource leak under heavy load,2024-07-07 11:40:00
Add notifications #109,Refactored code to improve maintainability and readability,2024-01-14 06:29:00
Update dashboard #110,Added comprehensive test coverage for critical paths,2024-08-05 07:01:00
Fix timeout issue #111,Refactored code to improve maintainability and readability,2024-01-09 16:53:00
Add websockets #112,Identified and fixed a resource leak under heavy load,2024-07-27 05:00:00
Setup CI/CD #113,Refactored code to improve maintainability and readability,2024-05-02 04:42:00
Add authentication #114,Fixed concurrent access issue in shared state,2024-02-19 20:32:00
Add websockets #115,Bumped library versions to patch known vulnerabilities,2024-04-20 08:57:00
Add dark mode #116,Configured automated build and deployment pipeline,2024-07-16 02:12:00
Fix race condition #117,Identified and fixed a resource leak under heavy load,2024-09-09 08:19:00
Add caching layer #118,Enhanced observability with structured logging,2024-12-10 16:29:00
Add dark mode #119,Fixed concurrent access issue in shared state,2024-07-17 06:11:00
Add rate limiting #120,Implemented new functionality as requested by the product team,2024-06-19 12:35:00
Refactor middleware #121,Implemented new functionality as requested by the product team,2024-02-03 08:35:00
Setup CI/CD #122,Resolved an issue causing unexpected behavior in production,2024-03-24 09:22:00
Setup CI/CD #123,Implemented new functionality as requested by the product team,2024-06-21 07:56:00
Refactor middleware #124,Fixed concurrent access issue in shared state,2024-12-25 06:39:00
Update documentation #125,Refactored code to improve maintainability and readability,2024-05-23 21:28:00
Add health check #126,Applied schema changes required for the new feature set,2024-10-13 18:29:00
Update error handling #127,Applied schema changes required for the new feature set,2024-02-28 02:42:00
Fix timeout issue #128,Applied schema changes required for the new feature set,2024-07-26 13:22:00
Add dark mode #129,Added throttling to prevent abuse of public endpoints,2024-06-23 19:57:00
Fix CORS issue #130,Identified and fixed a resource leak under heavy load,2024-12-19 12:44:00
Fix CORS issue #131,Bumped library versions to patch known vulnerabilities,2024-12-01 07:19:00
Fix login bug #132,Revised docs to reflect recent architectural changes,2024-03-12 19:32:00
Fix race condition #133,Updated existing module to improve performance and reliability,2024-11-01 18:46:00
Add pagination #134,Added throttling to prevent abuse of public endpoints,2024-07-17 22:17:00
Improve logging #135,Added comprehensive test coverage for critical paths,2024-11-13 21:17:00
Fix timeout issue #136,Added comprehensive test coverage for critical paths,2024-09-28 12:02:00
Add dark mode #137,Configured automated build and deployment pipeline,2024-09-05 14:13:00
Add websockets #138,Refactored code to improve maintainability and readability,2024-09-12 04:37:00
Fix login bug #139,Added throttling to prevent abuse of public endpoints,2024-10-31 05:25:00
Update error handling #140,Updated existing module to improve performance and reliability,2024-08-01 18:55:00
Add search feature #141,Configured automated build and deployment pipeline,2024-02-11 03:31:00
Fix race condition #142,Updated existing module to improve performance and reliability,2024-08-16 07:11:00
Update dashboard #143,Resolved an issue causing unexpected behavior in production,2024-06-18 19:31:00
Fix file upload #144,Revised docs to reflect recent architectural changes,2024-06-28 20:01:00
Add authentication #145,Applied schema changes required for the new feature set,2024-05-06 10:18:00
Add websockets #146,Enhanced observability with structured logging,2024-04-12 19:09:00
Update error handling #147,Added throttling to prevent abuse of public endpoints,2024-07-02 19:11:00
Update error handling #148,Applied schema changes required for the new feature set,2024-04-18 03:22:00
Fix race condition #149,Identified and fixed a resource leak under heavy load,2024-09-30 18:16:00
Add caching layer #150,Added support for paginated responses in the API layer,2024-08-04 23:16:00
Add pagination #151,Enhanced observability with structured logging,2024-10-21 19:46:00
Setup CI/CD #152,Implemented new functionality as requested by the product team,2024-06-26 00:37:00
Fix race condition #153,Added comprehensive test coverage for critical paths,2024-05-14 14:17:00
Add search feature #154,Enhanced observability with structured logging,2024-05-06 19:03:00
Fix timeout issue #155,Configured automated build and deployment pipeline,2024-05-16 09:36:00
Add unit tests #156,Updated existing module to improve performance and reliability,2024-11-02 06:21:00
Setup CI/CD #157,Implemented new functionality as requested by the product team,2024-01-24 06:05:00
Add unit tests #158,Applied schema changes required for the new feature set,2024-04-08 00:23:00
Fix timeout issue #159,Bumped library versions to patch known vulnerabilities,2024-03-10 12:35:00
Add notifications #160,Fixed concurrent access issue in shared state,2024-11-07 02:06:00
Add notifications #161,Added throttling to prevent abuse of public endpoints,2024-12-30 22:18:00
Optimize queries #162,Added comprehensive test coverage for critical paths,2024-07-28 04:12:00
Add user roles #163,Applied schema changes required for the new feature set,2024-11-08 06:48:00
Add dark mode #164,Refactored code to improve maintainability and readability,2024-06-08 21:04:00
Improve logging #165,Revised docs to reflect recent architectural changes,2024-10-05 03:25:00
Add authentication #166,Added throttling to prevent abuse of public endpoints,2024-12-11 05:18:00
Fix validation error #167,Introduced caching to reduce database load,2024-08-02 14:09:00
Refactor API #168,Applied schema changes required for the new feature set,2024-07-02 21:10:00
Add websockets #169,Identified and fixed a resource leak under heavy load,2024-06-20 00:31:00
Optimize queries #170,Revised docs to reflect recent architectural changes,2024-10-22 16:48:00
Fix timeout issue #171,Applied schema changes required for the new feature set,2024-02-12 14:50:00
Add user roles #172,Resolved an issue causing unexpected behavior in production,2024-12-14 16:14:00
Optimize queries #173,Introduced caching to reduce database load,2024-09-01 18:06:00
Fix CORS issue #174,Applied schema changes required for the new feature set,2024-05-24 02:45:00
Refactor API #175,Refactored code to improve maintainability and readability,2024-10-04 04:09:00
Add dark mode #176,Refactored code to improve maintainability and readability,2024-04-19 23:51:00
Setup CI/CD #177,Revised docs to reflect recent architectural changes,2024-08-13 23:36:00
Add analytics #178,Added comprehensive test coverage for critical paths,2024-04-11 03:04:00
Add caching layer #179,Introduced caching to reduce database load,2024-11-03 15:37:00
Setup CI/CD #180,Added throttling to prevent abuse of public endpoints,2024-01-14 23:02:00
Add analytics #181,Introduced caching to reduce database load,2024-07-02 09:03:00
Add search feature #182,Fixed concurrent access issue in shared state,2024-01-31 21:08:00
Fix login bug #183,Applied schema changes required for the new feature set,2024-02-07 21:01:00
Update error handling #184,Enhanced observability with structured logging,2024-12-12 18:53:00
Add search feature #185,Refactored code to improve maintainability and readability,2024-10-24 00:44:00
Add websockets #186,Updated existing module to improve performance and reliability,2024-02-03 02:58:00
Add authentication #187,Fixed concurrent access issue in shared state,2024-03-24 17:32:00
Fix login bug #188,Added comprehensive test coverage for critical paths,2024-01-02 02:48:00
Add export feature #189,Added support for paginated responses in the API layer,2024-05-26 09:46:00
Fix CORS issue #190,Added support for paginated responses in the API layer,2024-07-11 18:38:00
Fix timeout issue #191,Refactored code to improve maintainability and readability,2024-01-10 09:34:00
Update dashboard #192,Revised docs to reflect recent architectural changes,2024-03-31 13:04:00
Fix memory leak #193,Identified and fixed a resource leak under heavy load,2024-12-07 21:23:00
Fix validation error #194,Refactored code to improve maintainability and readability,2024-05-11 00:17:00
Update documentation #195,Refactored code to improve maintainability and readability,2024-07-19 18:35:00
Add export feature #196,Refactored code to improve maintainability and readability,2024-08-20 22:54:00
Add notifications #197,Added throttling to prevent abuse of public endpoints,2024-11-12 22:54:00
Update dependencies #198,Updated existing module to improve performance and reliability,2024-04-28 01:53:00
Refactor API #199,Identified and fixed a resource leak under heavy load,2024-12-19 00:21:00
Add pagination #200,Revised docs to reflect recent architectural changes,2024-01-12 09:12:00
Add caching layer #201,Added support for paginated responses in the API layer,2024-10-01 23:06:00
Setup CI/CD #202,Bumped library versions to patch known vulnerabilities,2024-11-20 15:31:00
Add notifications #203,Added throttling to prevent abuse of public endpoints,2024-01-08 12:28:00
Fix validation error #204,Applied schema changes required for the new feature set,2024-08-15 22:57:00
Update error handling #205,Configured automated build and deployment pipeline,2024-03-22 20:36:00
Add caching layer #206,Refactored code to improve maintainability and readability,2024-11-08 12:01:00
Update error handling #207,Refactored code to improve maintainability and readability,2024-03-21 21:54:00
Add health check #208,Configured automated build and deployment pipeline,2024-09-09 03:53:00
Fix timeout issue #209,Configured automated build and deployment pipeline,2024-09-06 18:23:00
Add health check #210,Revised docs to reflect recent architectural changes,2024-10-24 07:37:00
Add notifications #211,Updated existing module to improve performance and reliability,2024-02-25 17:14:00
Add notifications #212,Added throttling to prevent abuse of public endpoints,2024-02-29 04:14:00
Add user roles #213,Added comprehensive test coverage for critical paths,2024-12-04 14:18:00
Add websockets #214,Identified and fixed a resource leak under heavy load,2024-03-08 04:53:00
Add dark mode #215,Identified and fixed a resource leak under heavy load,2024-11-26 18:20:00
Update error handling #216,Revised docs to reflect recent architectural changes,2024-07-30 16:21:00
Add caching layer #217,Added comprehensive test coverage for critical paths,2024-12-25 02:07:00
Fix validation error #218,Implemented new functionality as requested by the product team,2024-06-04 16:34:00
Add user roles #219,Implemented new functionality as requested by the product team,2024-04-18 10:46:00
Fix validation error #220,Fixed concurrent access issue in shared state,2024-11-24 13:18:00
Add websockets #221,Revised docs to reflect recent architectural changes,2024-11-17 04:20:00
Fix validation error #222,Updated existing module to improve performance and reliability,2024-11-19 17:16:00
Add caching layer #223,Fixed concurrent access issue in shared state,2024-07-06 18:39:00
Fix CORS issue #224,Revised docs to reflect recent architectural changes,2024-03-02 11:24:00
Fix login bug #225,Added throttling to prevent abuse of public endpoints,2024-06-03 20:21:00
Fix race condition #226,Added comprehensive test coverage for critical paths,2024-07-13 01:41:00
Fix memory leak #227,Refactored code to improve maintainability and readability,2024-06-10 04:17:00
Add caching layer #228,Implemented new functionality as requested by the product team,2024-09-04 23:13:00
Add pagination #229,Identified and fixed a resource leak under heavy load,2024-11-10 11:30:00
Add analytics #230,Implemented new functionality as requested by the product team,2024-08-09 03:27:00
Optimize queries #231,Added comprehensive test coverage for critical paths,2024-02-21 11:03:00
Fix file upload #232,Implemented new functionality as requested by the product team,2024-02-20 21:43:00
Fix memory leak #233,Bumped library versions to patch known vulnerabilities,2024-04-10 11:39:00
Fix CORS issue #234,Bumped library versions to patch known vulnerabilities,2024-04-12 19:35:00
Database migration #235,Added comprehensive test coverage for critical paths,2024-06-21 20:00:00
Database migration #236,Added throttling to prevent abuse of public endpoints,2024-01-17 02:34:00
Optimize queries #237,Enhanced observability with structured logging,2024-12-02 07:30:00
Fix memory leak #238,Enhanced observability with structured logging,2024-02-25 18:23:00
Update dashboard #239,Refactored code to improve maintainability and readability,2024-05-30 07:05:00
Fix timeout issue #240,Added comprehensive test coverage for critical paths,2024-07-06 03:46:00
Update error handling #241,Refactored code to improve maintainability and readability,2024-02-03 12:07:00
Update error handling #242,Updated existing module to improve performance and reliability,2024-02-03 23:32:00
Update documentation #243,Fixed concurrent access issue in shared state,2024-05-21 23:17:00
Fix validation error #244,Updated existing module to improve performance and reliability,2024-08-13 20:37:00
Improve logging #245,Revised docs to reflect recent architectural changes,2024-10-01 21:06:00
Add user roles #246,Applied schema changes required for the new feature set,2024-09-09 20:57:00
Add pagination #247,Bumped library versions to patch known vulnerabilities,2024-08-14 10:37:00
Add websockets #248,Added support for paginated responses in the API layer,2024-09-15 21:03:00
Add export feature #249,Enhanced observability with structured logging,2024-09-10 02:50:00
Add caching layer #250,Refactored code to improve maintainability and readability,2024-01-05 23:43:00
Fix CORS issue #251,Added support for paginated responses in the API layer,2024-09-14 09:49:00
Add user roles #252,Added throttling to prevent abuse of public endpoints,2024-06-13 12:09:00
Add search feature #253,Added comprehensive test coverage for critical paths,2024-11-01 17:11:00
Fix login bug #254,Revised docs to reflect recent architectural changes,2024-05-14 06:57:00
Update dependencies #255,Refactored code to improve maintainability and readability,2024-07-07 00:49:00
Update documentation #256,Introduced caching to reduce database load,2024-01-08 05:13:00
Update dependencies #257,Identified and fixed a resource leak under heavy load,2024-11-28 01:52:00
Add caching layer #258,Enhanced observability with structured logging,2024-07-19 15:47:00
Optimize queries #259,Applied schema changes required for the new feature set,2024-04-30 19:44:00
Add search feature #260,Implemented new functionality as requested by the product team,2024-03-07 08:19:00
Update documentation #261,Configured automated build and deployment pipeline,2024-07-02 11:22:00
Fix file upload #262,Configured automated build and deployment pipeline,2024-03-12 19:26:00
Add authentication #263,Added support for paginated responses in the API layer,2024-04-06 12:49:00
Add rate limiting #264,Configured automated build and deployment pipeline,2024-07-08 16:37:00
Add analytics #265,Bumped library versions to patch known vulnerabilities,2024-01-18 22:52:00
Add notifications #266,Updated existing module to improve performance and reliability,2024-03-20 16:38:00
Fix file upload #267,Applied schema changes required for the new feature set,2024-09-22 13:13:00
Update dependencies #268,Revised docs to reflect recent architectural changes,2024-06-07 11:57:00
Refactor middleware #269,Updated existing module to improve performance and reliability,2024-07-31 05:59:00
Add rate limiting #270,Added support for paginated responses in the API layer,2024-05-13 21:30:00
Add analytics #271,Implemented new functionality as requested by the product team,2024-03-27 20:38:00
Add unit tests #272,Identified and fixed a resource leak under heavy load,2024-03-23 06:04:00
Database migration #273,Revised docs to reflect recent architectural changes,2024-03-31 06:33:00
Add health check #274,Added throttling to prevent abuse of public endpoints,2024-08-23 08:43:00
Refactor API #275,Fixed concurrent access issue in shared state,2024-06-25 12:58:00
Optimize queries #276,Added support for paginated responses in the API layer,2024-04-17 07:48:00
Fix file upload #277,Enhanced observability with structured logging,2024-02-28 04:44:00
Fix race condition #278,Refactored code to improve maintainability and readability,2024-12-18 10:56:00
Add search feature #279,Revised docs to reflect recent architectural changes,2024-10-09 22:49:00
Fix timeout issue #280,Updated existing module to improve performance and reliability,2024-07-21 16:41:00
Update dependencies #281,Implemented new functionality as requested by the product team,2024-11-26 20:36:00
Add websockets #282,Refactored code to improve maintainability and readability,2024-02-12 02:55:00
Fix login bug #283,Fixed concurrent access issue in shared state,2024-04-12 17:12:00
Add search feature #284,Added throttling to prevent abuse of public endpoints,2024-05-30 08:47:00
Refactor API #285,Configured automated build and deployment pipeline,2024-05-02 00:29:00
Update dashboard #286,Refactored code to improve maintainability and readability,2024-01-27 05:36:00
Add authentication #287,Identified and fixed a resource leak under heavy load,2024-10-01 19:23:00
Add health check #288,Identified and fixed a resource leak under heavy load,2024-03-31 03:14:00
Fix validation error #289,Added throttling to prevent abuse of public endpoints,2024-05-04 06:18:00
Add health check #290,Configured automated build and deployment pipeline,2024-08-04 23:13:00
Add pagination #291,Enhanced observability with structured logging,2024-07-06 08:52:00
Add analytics #292,Configured automated build and deployment pipeline,2024-10-16 01:57:00
Fix memory leak #293,Introduced caching to reduce database load,2024-02-14 02:47:00
Add search feature #294,Introduced caching to reduce database load,2024-04-16 19:39:00
Add dark mode #295,Added comprehensive test coverage for critical paths,2024-09-27 08:50:00
Add websockets #296,Refactored code to improve maintainability and readability,2024-07-19 22:34:00
Add export feature #297,Configured automated build and deployment pipeline,2024-03-10 23:28:00
Add export feature #298,Bumped library versions to patch known vulnerabilities,2024-04-28 10:28:00
Setup CI/CD #299,Configured automated build and deployment pipeline,2024-11-14 00:02:00
Fix race condition #300,Bumped library versions to patch known vulnerabilities,2024-03-26 21:47:00
Add analytics #301,Resolved an issue causing unexpected behavior in production,2024-03-13 12:43:00
Add dark mode #302,Added throttling to prevent abuse of public endpoints,2024-09-10 07:41:00
Update error handling #303,Identified and fixed a resource leak under heavy load,2024-02-08 01:02:00
Database migration #304,Configured automated build and deployment pipeline,2024-04-21 11:28:00
Fix validation error #305,Configured automated build and deployment pipeline,2024-07-04 08:27:00
Add authentication #306,Updated existing module to improve performance and reliability,2024-08-07 01:19:00
Add analytics #307,Revised docs to reflect recent architectural changes,2024-04-16 22:43:00
Update documentation #308,Resolved an issue causing unexpected behavior in production,2024-01-21 01:23:00
Refactor API #309,Revised docs to reflect recent architectural changes,2024-07-21 12:15:00
Add rate limiting #310,Identified and fixed a resource leak under heavy load,2024-03-22 03:25:00
Add authentication #311,Implemented new functionality as requested by the product team,2024-02-24 13:28:00
Setup CI/CD #312,Added comprehensive test coverage for critical paths,2024-11-23 14:37:00
Fix CORS issue #313,Bumped library versions to patch known vulnerabilities,2024-10-04 15:37:00
Fix memory leak #314,Refactored code to improve maintainability and readability,2024-03-26 23:24:00
Add pagination #315,Bumped library versions to patch known vulnerabilities,2024-03-07 03:28:00
Database migration #316,Enhanced observability with structured logging,2024-03-01 02:11:00
Fix file upload #317,Implemented new functionality as requested by the product team,2024-04-21 11:28:00
Add user roles #318,Added comprehensive test coverage for critical paths,2024-01-25 07:46:00
Setup CI/CD #319,Applied schema changes required for the new feature set,2024-09-27 15:11:00
Update dashboard #320,Configured automated build and deployment pipeline,2024-07-09 19:49:00
Add websockets #321,Added throttling to prevent abuse of public endpoints,2024-09-20 19:56:00
Add unit tests #322,Introduced caching to reduce database load,2024-09-29 20:56:00
Add pagination #323,Added throttling to prevent abuse of public endpoints,2024-01-15 13:29:00
Improve logging #324,Enhanced observability with structured logging,2024-11-13 06:19:00
Update documentation #325,Added support for paginated responses in the API layer,2024-04-25 21:17:00
Improve logging #326,Identified and fixed a resource leak under heavy load,2024-06-13 19:46:00
Add unit tests #327,Enhanced observability with structured logging,2024-08-22 13:16:00
Optimize queries #328,Implemented new functionality as requested by the product team,2024-12-19 17:18:00
Fix CORS issue #329,Fixed concurrent access issue in shared state,2024-09-28 21:33:00
Fix validation error #330,Enhanced observability with structured logging,2024-04-06 19:01:00
Add health check #331,Identified and fixed a resource leak under heavy load,2024-09-12 00:01:00
Update dependencies #332,Refactored code to improve maintainability and readability,2024-12-07 00:16:00
Add notifications #333,Refactored code to improve maintainability and readability,2024-06-04 12:09:00
Database migration #334,Identified and fixed a resource leak under heavy load,2024-07-24 23:17:00
Add analytics #335,Resolved an issue causing unexpected behavior in production,2024-04-14 23:01:00
Fix timeout issue #336,Fixed concurrent access issue in shared state,2024-07-31 22:04:00
Update dependencies #337,Refactored code to improve maintainability and readability,2024-02-29 21:05:00
Setup CI/CD #338,Refactored code to improve maintainability and readability,2024-12-16 20:49:00
Add notifications #339,Added throttling to prevent abuse of public endpoints,2024-11-17 23:44:00
Add dark mode #340,Added throttling to prevent abuse of public endpoints,2024-05-29 04:12:00
Add user roles #341,Updated existing module to improve performance and reliability,2024-02-16 00:28:00
Add dark mode #342,Fixed concurrent access issue in shared state,2024-02-22 02:15:00
Update dependencies #343,Implemented new functionality as requested by the product team,2024-08-03 18:33:00
Fix race condition #344,Revised docs to reflect recent architectural changes,2024-03-02 19:28:00
Add health check #345,Applied schema changes required for the new feature set,2024-12-08 14:05:00
Update documentation #346,Updated existing module to improve performance and reliability,2024-04-07 15:22:00
Add websockets #347,Introduced caching to reduce database load,2024-04-01 18:23:00
Refactor middleware #348,Identified and fixed a resource leak under heavy load,2024-02-08 18:38:00
Update dashboard #349,Applied schema changes required for the new feature set,2024-02-01 20:14:00
Add user roles #350,Added throttling to prevent abuse of public endpoints,2024-03-16 07:08:00
Add dark mode #351,Resolved an issue causing unexpected behavior in production,2024-09-25 16:16:00
Fix validation error #352,Refactored code to improve maintainability and readability,2024-12-02 21:18:00
Fix file upload #353,Applied schema changes required for the new feature set,2024-01-18 10:29:00
Refactor API #354,Refactored code to improve maintainability and readability,2024-03-03 22:27:00
Setup CI/CD #355,Added comprehensive test coverage for critical paths,2024-03-21 10:07:00
Add health check #356,Fixed concurrent access issue in shared state,2024-11-20 14:14:00
Update error handling #357,Refactored code to improve maintainability and readability,2024-11-09 03:01:00
Add health check #358,Resolved an issue causing unexpected behavior in production,2024-12-05 12:45:00
Fix timeout issue #359,Fixed concurrent access issue in shared state,2024-02-16 14:55:00
Setup CI/CD #360,Updated existing module to improve performance and reliability,2024-06-20 13:30:00
Fix timeout issue #361,Added comprehensive test coverage for critical paths,2024-07-15 08:53:00
Update dashboard #362,Added comprehensive test coverage for critical paths,2024-03-19 21:06:00
Add analytics #363,Added throttling to prevent abuse of public endpoints,2024-02-05 18:37:00
Refactor API #364,Introduced caching to reduce database load,2024-03-14 15:50:00
Add analytics #365,Fixed concurrent access issue in shared state,2024-12-17 02:05:00
Add unit tests #366,Added throttling to prevent abuse of public endpoints,2024-12-02 04:09:00
Update documentation #367,Fixed concurrent access issue in shared state,2024-09-25 04:58:00
Add export feature #368,Fixed concurrent access issue in shared state,2024-09-12 10:11:00
Add analytics #369,Enhanced observability with structured logging,2024-05-26 08:45:00
Add rate limiting #370,Updated existing module to improve performance and reliability,2024-09-03 03:35:00
Fix memory leak #371,Resolved an issue causing unexpected behavior in production,2024-04-26 08:37:00
Fix timeout issue #372,Refactored code to improve maintainability and readability,2024-10-11 08:32:00
Add caching layer #373,Resolved an issue causing unexpected behavior in production,2024-01-12 06:48:00
Fix validation error #374,Refactored code to improve maintainability and readability,2024-10-17 04:28:00
Improve logging #375,Updated existing module to improve performance and reliability,2024-05-27 07:23:00
Add search feature #376,Refactored code to improve maintainability and readability,2024-08-30 13:23:00
Update documentation #377,Configured automated build and deployment pipeline,2024-07-29 11:59:00
Improve logging #378,Revised docs to reflect recent architectural changes,2024-12-09 20:25:00
Update error handling #379,Introduced caching to reduce database load,2024-10-29 20:57:00
Update dependencies #380,Resolved an issue causing unexpected behavior in production,2024-05-22 13:26:00
Update documentation #381,Added support for paginated responses in the API layer,2024-12-15 06:03:00
Add dark mode #382,Implemented new functionality as requested by the product team,2024-08-31 07:44:00
Fix timeout issue #383,Added comprehensive test coverage for critical paths,2024-06-14 02:55:00
Add dark mode #384,Added throttling to prevent abuse of public endpoints,2024-06-30 12:48:00
Improve logging #385,Added support for paginated responses in the API layer,2024-04-17 12:38:00
Fix timeout issue #386,Fixed concurrent access issue in shared state,2024-03-24 04:53:00
Add analytics #387,Applied schema changes required for the new feature set,2024-07-06 19:56:00
Update error handling #388,Resolved an issue causing unexpected behavior in production,2024-08-23 20:19:00
Add analytics #389,Added support for paginated responses in the API layer,2024-08-19 06:07:00
Fix memory leak #390,Bumped library versions to patch known vulnerabilities,2024-03-15 19:10:00
Add authentication #391,Resolved an issue causing unexpected behavior in production,2024-04-06 20:09:00
Add export feature #392,Added support for paginated responses in the API layer,2024-03-31 12:24:00
Fix file upload #393,Revised docs to reflect recent architectural changes,2024-06-29 12:27:00
Add unit tests #394,Updated existing module to improve performance and reliability,2024-09-13 13:56:00
Add pagination #395,Introduced caching to reduce database load,2024-07-02 06:44:00
Add dark mode #396,Enhanced observability with structured logging,2024-10-28 13:48:00
Fix file upload #397,Identified and fixed a resource leak under heavy load,2024-12-17 21:41:00
Add pagination #398,Configured automated build and deployment pipeline,2024-01-07 20:12:00
Fix validation error #399,Added throttling to prevent abuse of public endpoints,2024-05-10 22:59:00
Database migration #400,Identified and fixed a resource leak under heavy load,2024-09-06 16:18:00
Fix login bug #401,Added support for paginated responses in the API layer,2024-05-25 02:42:00
Fix file upload #402,Bumped library versions to patch known vulnerabilities,2024-05-04 02:21:00
Refactor middleware #403,Added comprehensive test coverage for critical paths,2024-12-18 05:43:00
Fix memory leak #404,Revised docs to reflect recent architectural changes,2024-04-16 05:06:00
Update dashboard #405,Resolved an issue causing unexpected behavior in production,2024-10-15 14:51:00
Fix validation error #406,Fixed concurrent access issue in shared state,2024-09-29 21:28:00
Refactor middleware #407,Applied schema changes required for the new feature set,2024-04-18 19:26:00
Refactor middleware #408,Configured automated build and deployment pipeline,2024-01-28 07:09:00
Add health check #409,Applied schema changes required for the new feature set,2024-09-21 20:47:00
Fix file upload #410,Enhanced observability with structured logging,2024-11-11 10:44:00
Update error handling #411,Identified and fixed a resource leak under heavy load,2024-06-01 00:16:00
Add pagination #412,Bumped library versions to patch known vulnerabilities,2024-09-21 09:37:00
Fix memory leak #413,Added support for paginated responses in the API layer,2024-02-14 20:37:00
Fix login bug #414,Fixed concurrent access issue in shared state,2024-07-01 20:28:00
Add authentication #415,Introduced caching to reduce database load,2024-06-24 03:54:00
Fix CORS issue #416,Refactored code to improve maintainability and readability,2024-08-21 04:29:00
Refactor API #417,Added throttling to prevent abuse of public endpoints,2024-04-17 14:31:00
Update dependencies #418,Bumped library versions to patch known vulnerabilities,2024-04-12 03:42:00
Update dashboard #419,Implemented new functionality as requested by the product team,2024-07-18 06:41:00
Add export feature #420,Applied schema changes required for the new feature set,2024-04-17 21:03:00
Add websockets #421,Enhanced observability with structured logging,2024-05-16 18:51:00
Fix memory leak #422,Updated existing module to improve performance and reliability,2024-06-26 13:34:00
Fix file upload #423,Revised docs to reflect recent architectural changes,2024-01-10 03:01:00
Add export feature #424,Identified and fixed a resource leak under heavy load,2024-08-08 20:49:00
Fix validation error #425,Bumped library versions to patch known vulnerabilities,2024-02-21 12:23:00
Update dependencies #426,Configured automated build and deployment pipeline,2024-12-18 13:11:00
Add health check #427,Added comprehensive test coverage for critical paths,2024-01-10 03:16:00
Setup CI/CD #428,Resolved an issue causing unexpected behavior in production,2024-10-14 16:27:00
Fix login bug #429,Introduced caching to reduce database load,2024-02-26 07:16:00
Fix timeout issue #430,Revised docs to reflect recent architectural changes,2024-04-20 04:41:00
Fix file upload #431,Implemented new functionality as requested by the product team,2024-10-31 16:50:00
Fix CORS issue #432,Fixed concurrent access issue in shared state,2024-06-14 09:59:00
Add caching layer #433,Identified and fixed a resource leak under heavy load,2024-11-05 00:24:00
Refactor API #434,Added throttling to prevent abuse of public endpoints,2024-05-10 05:46:00
Update dependencies #435,Enhanced observability with structured logging,2024-03-14 22:12:00
Add rate limiting #436,Resolved an issue causing unexpected behavior in production,2024-01-06 19:34:00
Fix file upload #437,Added comprehensive test coverage for critical paths,2024-08-15 12:45:00
Add dark mode #438,Fixed concurrent access issue in shared state,2024-12-20 17:55:00
Add user roles #439,Revised docs to reflect recent architectural changes,2024-10-11 20:31:00
Fix race condition #440,Bumped library versions to patch known vulnerabilities,2024-02-11 18:09:00
Add pagination #441,Applied schema changes required for the new feature set,2024-04-23 22:59:00
Fix file upload #442,Added throttling to prevent abuse of public endpoints,2024-01-02 12:26:00
Setup CI/CD #443,Enhanced observability with structured logging,2024-04-28 20:18:00
Fix race condition #444,Resolved an issue causing unexpected behavior in production,2024-12-07 23:21:00
Fix CORS issue #445,Bumped library versions to patch known vulnerabilities,2024-09-15 20:18:00
Add notifications #446,Added throttling to prevent abuse of public endpoints,2024-05-08 21:13:00
Fix race condition #447,Applied schema changes required for the new feature set,2024-05-18 23:38:00
Add health check #448,Added comprehensive test coverage for critical paths,2024-03-30 00:36:00
Update dashboard #449,Applied schema changes required for the new feature set,2024-12-28 17:33:00
Add pagination #450,Enhanced observability with structured logging,2024-03-13 12:58:00
Database migration #451,Enhanced observability with structured logging,2024-01-18 15:36:00
Add authentication #452,Added support for paginated responses in the API layer,2024-02-16 07:31:00
Add caching layer #453,Refactored code to improve maintainability and readability,2024-06-10 04:23:00
Add user roles #454,Implemented new functionality as requested by the product team,2024-06-24 00:04:00
Add search feature #455,Bumped library versions to patch known vulnerabilities,2024-07-28 01:58:00
Update documentation #456,Configured automated build and deployment pipeline,2024-05-15 20:57:00
Fix race condition #457,Added support for paginated responses in the API layer,2024-09-06 14:34:00
Add websockets #458,Updated existing module to improve performance and reliability,2024-08-15 23:21:00
Add unit tests #459,Resolved an issue causing unexpected behavior in production,2024-02-11 05:54:00
Optimize queries #460,Configured automated build and deployment pipeline,2024-10-14 02:23:00
Improve logging #461,Added support for paginated responses in the API layer,2024-11-03 04:35:00
Add user roles #462,Added throttling to prevent abuse of public endpoints,2024-02-28 04:56:00
Fix memory leak #463,Refactored code to improve maintainability and readability,2024-06-16 15:02:00
Add user roles #464,Fixed concurrent access issue in shared state,2024-02-13 23:54:00
Add websockets #465,Revised docs to reflect recent architectural changes,2024-02-03 07:12:00
Fix login bug #466,Bumped library versions to patch known vulnerabilities,2024-04-28 09:41:00
Fix login bug #467,Resolved an issue causing unexpected behavior in production,2024-12-02 20:13:00
Add analytics #468,Added support for paginated responses in the API layer,2024-08-19 19:38:00
Fix CORS issue #469,Updated existing module to improve performance and reliability,2024-04-10 08:13:00
Update error handling #470,Resolved an issue causing unexpected behavior in production,2024-03-27 01:35:00
Update dashboard #471,Enhanced observability with structured logging,2024-08-01 21:59:00
Add health check #472,Enhanced observability with structured logging,2024-08-29 15:34:00
Add unit tests #473,Bumped library versions to patch known vulnerabilities,2024-09-30 06:56:00
Database migration #474,Implemented new functionality as requested by the product team,2024-12-11 09:48:00
Add notifications #475,Configured automated build and deployment pipeline,2024-05-25 15:13:00
Optimize queries #476,Refactored code to improve maintainability and readability,2024-04-10 04:05:00
Add user roles #477,Enhanced observability with structured logging,2024-06-28 07:04:00
Refactor API #478,Identified and fixed a resource leak under heavy load,2024-10-18 20:09:00
Add rate limiting #479,Applied schema changes required for the new feature set,2024-10-18 12:44:00
Fix race condition #480,Added throttling to prevent abuse of public endpoints,2024-03-15 02:19:00
Fix login bug #481,Added throttling to prevent abuse of public endpoints,2024-05-22 07:38:00
Database migration #482,Applied schema changes required for the new feature set,2024-09-24 05:42:00
Fix race condition #483,Revised docs to reflect recent architectural changes,2024-05-21 02:00:00
Fix login bug #484,Introduced caching to reduce database load,2024-09-21 15:06:00
Fix CORS issue #485,Applied schema changes required for the new feature set,2024-02-08 07:23:00
Fix timeout issue #486,Introduced caching to reduce database load,2024-08-20 16:50:00
Add rate limiting #487,Revised docs to reflect recent architectural changes,2024-12-01 19:55:00
Update error handling #488,Implemented new functionality as requested by the product team,2024-02-08 07:02:00
Fix file upload #489,Bumped library versions to patch known vulnerabilities,2024-10-16 08:39:00
Add analytics #490,Enhanced observability with structured logging,2024-09-16 14:35:00
Add unit tests #491,Applied schema changes required for the new feature set,2024-02-14 22:07:00
Add rate limiting #492,Added support for paginated responses in the API layer,2024-10-25 10:04:00
Add export feature #493,Fixed concurrent access issue in shared state,2024-05-15 11:46:00
Update dashboard #494,Bumped library versions to patch known vulnerabilities,2024-03-08 10:25:00
Optimize queries #495,Added throttling to prevent abuse of public endpoints,2024-08-16 17:22:00
Update error handling #496,Refactored code to improve maintainability and readability,2024-06-09 04:18:00
Setup CI/CD #497,Configured automated build and deployment pipeline,2024-12-01 21:23:00
Add pagination #498,Resolved an issue causing unexpected behavior in production,2024-06-16 04:32:00
Improve logging #499,Fixed concurrent access issue in shared state,2024-03-19 14:43:00
Fix file upload #500,Added throttling to prevent abuse of public endpoints,2024-01-05 17:52:00
Add health check #501,Updated existing module to improve performance and reliability,2024-02-03 16:14:00
Add websockets #502,Resolved an issue causing unexpected behavior in production,2024-12-22 09:35:00
Update dependencies #503,Refactored code to improve maintainability and readability,2024-02-11 14:19:00
Add user roles #504,Implemented new functionality as requested by the product team,2024-11-07 20:17:00
Add caching layer #505,Revised docs to reflect recent architectural changes,2024-03-26 04:01:00
Fix timeout issue #506,Fixed concurrent access issue in shared state,2024-07-26 08:30:00
Update error handling #507,Refactored code to improve maintainability and readability,2024-04-07 14:41:00
Add rate limiting #508,Introduced caching to reduce database load,2024-02-15 09:15:00
Fix timeout issue #509,Enhanced observability with structured logging,2024-12-17 04:54:00
Add unit tests #510,Enhanced observability with structured logging,2024-07-27 06:29:00
Setup CI/CD #511,Identified and fixed a resource leak under heavy load,2024-03-05 12:39:00
Add authentication #512,Bumped library versions to patch known vulnerabilities,2024-10-21 10:41:00
Fix race condition #513,Added support for paginated responses in the API layer,2024-09-08 23:51:00
Add analytics #514,Revised docs to reflect recent architectural changes,2024-08-05 04:09:00
Add notifications #515,Added comprehensive test coverage for critical paths,2024-02-19 20:02:00
Add unit tests #516,Fixed concurrent access issue in shared state,2024-01-04 18:12:00
Add search feature #517,Introduced caching to reduce database load,2024-12-03 22:16:00
Refactor middleware #518,Applied schema changes required for the new feature set,2024-06-01 13:12:00
Fix validation error #519,Refactored code to improve maintainability and readability,2024-11-16 21:12:00
Improve logging #520,Enhanced observability with structured logging,2024-02-28 12:43:00
Update dependencies #521,Added throttling to prevent abuse of public endpoints,2024-08-09 17:07:00
Add user roles #522,Identified and fixed a resource leak under heavy load,2024-06-14 23:34:00
Fix validation error #523,Added throttling to prevent abuse of public endpoints,2024-12-19 10:54:00
Add websockets #524,Configured automated build and deployment pipeline,2024-11-02 07:08:00
Add export feature #525,Added comprehensive test coverage for critical paths,2024-01-17 01:31:00
Add analytics #526,Revised docs to reflect recent architectural changes,2024-07-12 04:42:00
Add unit tests #527,Updated existing module to improve performance and reliability,2024-03-06 05:10:00
Setup CI/CD #528,Configured automated build and deployment pipeline,2024-02-14 05:00:00
Fix file upload #529,Fixed concurrent access issue in shared state,2024-06-30 23:49:00
Add unit tests #530,Introduced caching to reduce database load,2024-07-26 17:58:00
Update documentation #531,Implemented new functionality as requested by the product team,2024-07-18 01:28:00
Update error handling #532,Updated existing module to improve performance and reliability,2024-04-28 06:58:00
Fix race condition #533,Added comprehensive test coverage for critical paths,2024-03-02 05:57:00
Refactor middleware #534,Added support for paginated responses in the API layer,2024-07-27 09:44:00
Add unit tests #535,Updated existing module to improve performance and reliability,2024-01-08 05:22:00
Fix file upload #536,Implemented new functionality as requested by the product team,2024-08-20 10:29:00
Fix race condition #537,Bumped library versions to patch known vulnerabilities,2024-05-26 15:55:00
Update dashboard #538,Added support for paginated responses in the API layer,2024-10-03 15:04:00
Database migration #539,Bumped library versions to patch known vulnerabilities,2024-09-13 22:15:00
Fix login bug #540,Refactored code to improve maintainability and readability,2024-02-12 15:10:00
Add export feature #541,Bumped library versions to patch known vulnerabilities,2024-04-30 10:44:00
Add pagination #542,Fixed concurrent access issue in shared state,2024-11-19 15:26:00
Add unit tests #543,Added comprehensive test coverage for critical paths,2024-12-27 13:20:00
Fix validation error #544,Added comprehensive test coverage for critical paths,2024-08-12 10:05:00
Add analytics #545,Configured automated build and deployment pipeline,2024-08-08 07:00:00
Fix login bug #546,Updated existing module to improve performance and reliability,2024-07-31 13:39:00
Update documentation #547,Implemented new functionality as requested by the product team,2024-12-06 10:57:00
Add authentication #548,Updated existing module to improve performance and reliability,2024-02-28 10:26:00
Setup CI/CD #549,Resolved an issue causing unexpected behavior in production,2024-07-19 04:57:00
Add notifications #550,Identified and fixed a resource leak under heavy load,2024-01-03 20:46:00
Update dashboard #551,Identified and fixed a resource leak under heavy load,2024-03-20 17:35:00
Add dark mode #552,Refactored code to improve maintainability and readability,2024-09-07 16:36:00
Add user roles #553,Refactored code to improve maintainability and readability,2024-10-10 23:19:00
Fix timeout issue #554,Introduced caching to reduce database load,2024-08-25 05:09:00
Add rate limiting #555,Added throttling to prevent abuse of public endpoints,2024-04-22 19:09:00
Add notifications #556,Added comprehensive test coverage for critical paths,2024-09-14 09:30:00
Add export feature #557,Fixed concurrent access issue in shared state,2024-04-30 03:40:00
Add websockets #558,Configured automated build and deployment pipeline,2024-06-23 19:47:00
Update dependencies #559,Configured automated build and deployment pipeline,2024-09-12 09:25:00
Add rate limiting #560,Revised docs to reflect recent architectural changes,2024-12-01 10:54:00
Add authentication #561,Fixed concurrent access issue in shared state,2024-08-18 13:02:00
Add analytics #562,Implemented new functionality as requested by the product team,2024-04-17 09:48:00
Add notifications #563,Fixed concurrent access issue in shared state,2024-08-15 12:22:00
Add analytics #564,Fixed concurrent access issue in shared state,2024-09-26 02:41:00
Fix race condition #565,Added support for paginated responses in the API layer,2024-06-23 23:09:00
Add search feature #566,Revised docs to reflect recent architectural changes,2024-10-29 19:07:00
Fix file upload #567,Introduced caching to reduce database load,2024-10-11 13:11:00
Add rate limiting #568,Refactored code to improve maintainability and readability,2024-11-10 10:34:00
Refactor middleware #569,Introduced caching to reduce database load,2024-06-05 21:21:00
Fix memory leak #570,Added throttling to prevent abuse of public endpoints,2024-11-12 00:42:00
Add unit tests #571,Identified and fixed a resource leak under heavy load,2024-04-15 13:17:00
Fix timeout issue #572,Resolved an issue causing unexpected behavior in production,2024-12-20 15:48:00
Fix login bug #573,Added comprehensive test coverage for critical paths,2024-12-01 22:38:00
Improve logging #574,Identified and fixed a resource leak under heavy load,2024-04-01 23:39:00
Add analytics #575,Implemented new functionality as requested by the product team,2024-12-30 02:27:00
Add rate limiting #576,Added support for paginated responses in the API layer,2024-03-08 01:15:00
Update dependencies #577,Fixed concurrent access issue in shared state,2024-10-24 04:52:00
Add analytics #578,Bumped library versions to patch known vulnerabilities,2024-10-10 21:51:00
Update documentation #579,Identified and fixed a resource leak under heavy load,2024-07-22 00:46:00
Refactor API #580,Configured automated build and deployment pipeline,2024-01-19 21:25:00
Refactor API #581,Identified and fixed a resource leak under heavy load,2024-12-14 04:45:00
Add export feature #582,Refactored code to improve maintainability and readability,2024-03-02 17:45:00
Add user roles #583,Added comprehensive test coverage for critical paths,2024-08-12 00:04:00
Update dependencies #584,Added throttling to prevent abuse of public endpoints,2024-07-18 06:57:00
Fix memory leak #585,Enhanced observability with structured logging,2024-07-27 11:29:00
Add pagination #586,Bumped library versions to patch known vulnerabilities,2024-04-05 14:14:00
Add user roles #587,Applied schema changes required for the new feature set,2024-07-14 22:30:00
Add health check #588,Revised docs to reflect recent architectural changes,2024-12-09 02:38:00
Improve logging #589,Revised docs to reflect recent architectural changes,2024-09-20 06:42:00
Update error handling #590,Added comprehensive test coverage for critical paths,2024-04-19 14:52:00
Fix file upload #591,Added throttling to prevent abuse of public endpoints,2024-01-08 07:39:00
Add authentication #592,Updated existing module to improve performance and reliability,2024-11-26 12:55:00
Optimize queries #593,Enhanced observability with structured logging,2024-11-28 00:19:00
Fix race condition #594,Identified and fixed a resource leak under heavy load,2024-10-26 12:57:00
Fix CORS issue #595,Applied schema changes required for the new feature set,2024-06-27 10:43:00
Fix login bug #596,Fixed concurrent access issue in shared state,2024-06-26 06:41:00
Fix validation error #597,Applied schema changes required for the new feature set,2024-10-02 00:52:00
Database migration #598,Configured automated build and deployment pipeline,2024-05-01 05:37:00
Add caching layer #599,Resolved an issue causing unexpected behavior in production,2024-01-18 15:15:00
Add rate limiting #600,Revised docs to reflect recent architectural changes,2024-11-05 05:41:00
Add search feature #601,Updated existing module to improve performance and reliability,2024-05-22 13:00:00
Refactor middleware #602,Configured automated build and deployment pipeline,2024-02-03 18:18:00
Fix login bug #603,Implemented new functionality as requested by the product team,2024-09-06 16:21:00
Add pagination #604,Bumped library versions to patch known vulnerabilities,2024-07-25 19:30:00
Add pagination #605,Fixed concurrent access issue in shared state,2024-04-27 09:28:00
Add dark mode #606,Added support for paginated responses in the API layer,2024-02-12 21:03:00
Improve logging #607,Fixed concurrent access issue in shared state,2024-12-11 10:20:00
Add user roles #608,Applied schema changes required for the new feature set,2024-01-06 00:53:00
Add notifications #609,Updated existing module to improve performance and reliability,2024-10-11 16:11:00
Add rate limiting #610,Fixed concurrent access issue in shared state,2024-05-12 15:29:00
Refactor API #611,Revised docs to reflect recent architectural changes,2024-09-09 03:53:00
Fix race condition #612,Introduced caching to reduce database load,2024-05-07 05:42:00
Improve logging #613,Implemented new functionality as requested by the product team,2024-09-16 21:01:00
Optimize queries #614,Added comprehensive test coverage for critical paths,2024-12-30 13:17:00
Add dark mode #615,Applied schema changes required for the new feature set,2024-08-15 09:21:00
Add analytics #616,Applied schema changes required for the new feature set,2024-02-05 02:34:00
Fix race condition #617,Added throttling to prevent abuse of public endpoints,2024-09-19 21:34:00
Add caching layer #618,Added comprehensive test coverage for critical paths,2024-01-29 08:04:00
Fix race condition #619,Fixed concurrent access issue in shared state,2024-09-16 10:51:00
Add export feature #620,Updated existing module to improve performance and reliability,2024-06-14 17:03:00
Refactor API #621,Revised docs to reflect recent architectural changes,2024-07-04 18:39:00
Add analytics #622,Applied schema changes required for the new feature set,2024-05-30 09:29:00
Update error handling #623,Added support for paginated responses in the API layer,2024-06-12 15:22:00
Add dark mode #624,Added throttling to prevent abuse of public endpoints,2024-09-17 18:10:00
Add rate limiting #625,Added comprehensive test coverage for critical paths,2024-07-26 12:38:00
Fix validation error #626,Added support for paginated responses in the API layer,2024-08-04 05:23:00
Add rate limiting #627,Bumped library versions to patch known vulnerabilities,2024-01-22 16:11:00
Add websockets #628,Updated existing module to improve performance and reliability,2024-12-04 07:48:00
Fix memory leak #629,Added support for paginated responses in the API layer,2024-08-21 20:05:00
Add rate limiting #630,Added support for paginated responses in the API layer,2024-05-26 23:26:00
Add authentication #631,Identified and fixed a resource leak under heavy load,2024-12-21 04:09:00
Refactor middleware #632,Resolved an issue causing unexpected behavior in production,2024-08-24 11:43:00
Update dependencies #633,Enhanced observability with structured logging,2024-11-30 15:56:00
Update error handling #634,Revised docs to reflect recent architectural changes,2024-07-08 09:57:00
Fix race condition #635,Introduced caching to reduce database load,2024-08-19 09:31:00
Setup CI/CD #636,Applied schema changes required for the new feature set,2024-08-13 22:25:00
Fix CORS issue #637,Identified and fixed a resource leak under heavy load,2024-05-29 21:54:00
Add search feature #638,Refactored code to improve maintainability and readability,2024-02-08 08:01:00
Update dashboard #639,Implemented new functionality as requested by the product team,2024-02-23 21:39:00
Add authentication #640,Bumped library versions to patch known vulnerabilities,2024-06-13 20:29:00
Optimize queries #641,Introduced caching to reduce database load,2024-04-29 18:07:00
Fix file upload #642,Updated existing module to improve performance and reliability,2024-04-26 19:24:00
Fix file upload #643,Bumped library versions to patch known vulnerabilities,2024-04-28 20:53:00
Add search feature #644,Fixed concurrent access issue in shared state,2024-02-13 20:03:00
Update dependencies #645,Refactored code to improve maintainability and readability,2024-08-01 09:46:00
Add health check #646,Configured automated build and deployment pipeline,2024-01-04 21:43:00
Add unit tests #647,Enhanced observability with structured logging,2024-09-12 16:54:00
Fix file upload #648,Configured automated build and deployment pipeline,2024-08-03 10:36:00
Add pagination #649,Introduced caching to reduce database load,2024-12-15 13:02:00
Update documentation #650,Updated existing module to improve performance and reliability,2024-04-20 07:46:00
Add websockets #651,Refactored code to improve maintainability and readability,2024-12-20 06:47:00
Add search feature #652,Implemented new functionality as requested by the product team,2024-07-25 07:53:00
Update documentation #653,Enhanced observability with structured logging,2024-10-27 09:15:00
Add authentication #654,Added comprehensive test coverage for critical paths,2024-01-24 07:02:00
Add user roles #655,Updated existing module to improve performance and reliability,2024-05-10 12:40:00
Add unit tests #656,Added support for paginated responses in the API layer,2024-08-27 18:13:00
Add dark mode #657,Revised docs to reflect recent architectural changes,2024-07-14 15:53:00
Refactor middleware #658,Added throttling to prevent abuse of public endpoints,2024-12-09 19:03:00
Fix login bug #659,Bumped library versions to patch known vulnerabilities,2024-06-04 02:48:00
Add notifications #660,Bumped library versions to patch known vulnerabilities,2024-02-08 04:39:00
Fix file upload #661,Updated existing module to improve performance and reliability,2024-06-10 13:57:00
Refactor middleware #662,Bumped library versions to patch known vulnerabilities,2024-11-17 23:15:00
Add dark mode #663,Revised docs to reflect recent architectural changes,2024-01-15 01:18:00
Add authentication #664,Identified and fixed a resource leak under heavy load,2024-07-08 10:57:00
Database migration #665,Resolved an issue causing unexpected behavior in production,2024-05-12 14:58:00
Refactor API #666,Resolved an issue causing unexpected behavior in production,2024-10-12 07:48:00
Improve logging #667,Refactored code to improve maintainability and readability,2024-08-16 09:51:00
Add authentication #668,Configured automated build and deployment pipeline,2024-08-29 10:44:00
Optimize queries #669,Bumped library versions to patch known vulnerabilities,2024-10-07 13:59:00
Database migration #670,Applied schema changes required for the new feature set,2024-04-30 15:01:00
Add dark mode #671,Implemented new functionality as requested by the product team,2024-08-12 12:26:00
Add user roles #672,Bumped library versions to patch known vulnerabilities,2024-01-30 03:46:00
Add user roles #673,Revised docs to reflect recent architectural changes,2024-12-30 15:11:00
Fix CORS issue #674,Added comprehensive test coverage for critical paths,2024-10-08 00:52:00
Add dark mode #675,Added comprehensive test coverage for critical paths,2024-08-09 16:30:00
Setup CI/CD #676,Resolved an issue causing unexpected behavior in production,2024-08-27 23:24:00
Fix race condition #677,Introduced caching to reduce database load,2024-06-28 22:55:00
Refactor middleware #678,Bumped library versions to patch known vulnerabilities,2024-07-06 10:33:00
Fix CORS issue #679,Bumped library versions to patch known vulnerabilities,2024-03-04 07:40:00
Add unit tests #680,Updated existing module to improve performance and reliability,2024-06-01 12:05:00
Add dark mode #681,Added comprehensive test coverage for critical paths,2024-02-01 10:18:00
Add export feature #682,Refactored code to improve maintainability and readability,2024-11-03 08:39:00
Update documentation #683,Revised docs to reflect recent architectural changes,2024-06-21 21:15:00
Add unit tests #684,Applied schema changes required for the new feature set,2024-09-04 05:50:00
Add websockets #685,Introduced caching to reduce database load,2024-01-01 09:35:00
Add unit tests #686,Bumped library versions to patch known vulnerabilities,2024-01-22 19:41:00
Add websockets #687,Added comprehensive test coverage for critical paths,2024-07-10 06:21:00
Add unit tests #688,Updated existing module to improve performance and reliability,2024-10-21 17:09:00
Add health check #689,Refactored code to improve maintainability and readability,2024-12-08 22:57:00
Add websockets #690,Fixed concurrent access issue in shared state,2024-02-03 07:32:00
Add health check #691,Updated existing module to improve performance and reliability,2024-04-12 19:58:00
Setup CI/CD #692,Revised docs to reflect recent architectural changes,2024-06-16 19:32:00
Add notifications #693,Configured automated build and deployment pipeline,2024-08-25 01:03:00
Setup CI/CD #694,Added support for paginated responses in the API layer,2024-08-06 22:02:00
Fix CORS issue #695,Added support for paginated responses in the API layer,2024-03-04 23:50:00
Refactor API #696,Revised docs to reflect recent architectural changes,2024-01-07 09:35:00
Add rate limiting #697,Added comprehensive test coverage for critical paths,2024-06-16 10:20:00
Fix race condition #698,Enhanced observability with structured logging,2024-04-14 04:08:00
Add analytics #699,Added throttling to prevent abuse of public endpoints,2024-04-13 05:56:00
Fix memory leak #700,Identified and fixed a resource leak under heavy load,2024-10-19 18:54:00
Add dark mode #701,Bumped library versions to patch known vulnerabilities,2024-01-17 03:54:00
Fix login bug #702,Added support for paginated responses in the API layer,2024-03-08 18:12:00
Refactor middleware #703,Added comprehensive test coverage for critical paths,2024-03-29 03:32:00
Fix memory leak #704,Added comprehensive test coverage for critical paths,2024-09-21 05:40:00
Update documentation #705,Applied schema changes required for the new feature set,2024-04-23 17:17:00
Add notifications #706,Added throttling to prevent abuse of public endpoints,2024-11-29 14:30:00
Update dashboard #707,Bumped library versions to patch known vulnerabilities,2024-05-25 09:33:00
Fix CORS issue #708,Configured automated build and deployment pipeline,2024-02-11 07:22:00
Database migration #709,Refactored code to improve maintainability and readability,2024-07-28 14:50:00
Add export feature #710,Added comprehensive test coverage for critical paths,2024-11-21 23:40:00
Add analytics #711,Bumped library versions to patch known vulnerabilities,2024-05-28 03:17:00
Fix CORS issue #712,Applied schema changes required for the new feature set,2024-07-05 01:31:00
Fix login bug #713,Resolved an issue causing unexpected behavior in production,2024-09-16 18:09:00
Update dependencies #714,Identified and fixed a resource leak under heavy load,2024-08-07 21:15:00
Fix CORS issue #715,Bumped library versions to patch known vulnerabilities,2024-12-28 05:59:00
Setup CI/CD #716,Introduced caching to reduce database load,2024-01-13 09:41:00
Add unit tests #717,Fixed concurrent access issue in shared state,2024-02-14 16:57:00
Fix race condition #718,Enhanced observability with structured logging,2024-03-29 20:40:00
Add notifications #719,Introduced caching to reduce database load,2024-05-10 06:19:00
Fix login bug #720,Refactored code to improve maintainability and readability,2024-08-12 21:36:00
Add export feature #721,Revised docs to reflect recent architectural changes,2024-09-13 08:25:00
Setup CI/CD #722,Added support for paginated responses in the API layer,2024-05-21 06:09:00
Fix CORS issue #723,Enhanced observability with structured logging,2024-01-05 09:29:00
Add analytics #724,Refactored code to improve maintainability and readability,2024-08-30 21:00:00
Add caching layer #725,Configured automated build and deployment pipeline,2024-05-17 20:53:00
Setup CI/CD #726,Fixed concurrent access issue in shared state,2024-08-20 19:23:00
Add search feature #727,Bumped library versions to patch known vulnerabilities,2024-09-01 04:48:00
Add rate limiting #728,Resolved an issue causing unexpected behavior in production,2024-07-31 14:09:00
Fix memory leak #729,Refactored code to improve maintainability and readability,2024-10-19 23:49:00
Add unit tests #730,Added comprehensive test coverage for critical paths,2024-01-13 16:51:00
Fix file upload #731,Configured automated build and deployment pipeline,2024-11-26 19:29:00
Add pagination #732,Identified and fixed a resource leak under heavy load,2024-06-28 03:19:00
Add export feature #733,Bumped library versions to patch known vulnerabilities,2024-04-10 11:15:00
Add export feature #734,Updated existing module to improve performance and reliability,2024-09-22 09:17:00
Add rate limiting #735,Configured automated build and deployment pipeline,2024-01-07 03:58:00
Add export feature #736,Added throttling to prevent abuse of public endpoints,2024-11-25 09:26:00
Fix CORS issue #737,Fixed concurrent access issue in shared state,2024-08-21 16:36:00
Refactor middleware #738,Fixed concurrent access issue in shared state,2024-04-29 16:34:00
Fix login bug #739,Configured automated build and deployment pipeline,2024-02-29 14:58:00
Database migration #740,Configured automated build and deployment pipeline,2024-03-22 04:31:00
Add notifications #741,Configured automated build and deployment pipeline,2024-02-23 17:30:00
Fix validation error #742,Added throttling to prevent abuse of public endpoints,2024-09-24 14:27:00
Fix login bug #743,Configured automated build and deployment pipeline,2024-06-10 16:44:00
Add rate limiting #744,Enhanced observability with structured logging,2024-09-22 22:47:00
Optimize queries #745,Introduced caching to reduce database load,2024-10-26 01:26:00
Refactor middleware #746,Added comprehensive test coverage for critical paths,2024-01-19 17:02:00
Database migration #747,Applied schema changes required for the new feature set,2024-08-30 14:38:00
Add caching layer #748,Identified and fixed a resource leak under heavy load,2024-02-21 23:55:00
Add search feature #749,Implemented new functionality as requested by the product team,2024-09-03 18:17:00
Fix race condition #750,Introduced caching to reduce database load,2024-12-01 10:15:00
Add health check #751,Revised docs to reflect recent architectural changes,2024-01-05 22:47:00
Fix file upload #752,Fixed concurrent access issue in shared state,2024-08-03 13:59:00
Refactor middleware #753,Resolved an issue causing unexpected behavior in production,2024-06-18 05:07:00
Update dependencies #754,Bumped library versions to patch known vulnerabilities,2024-10-15 14:58:00
Fix login bug #755,Implemented new functionality as requested by the product team,2024-07-22 14:55:00
Add unit tests #756,Resolved an issue causing unexpected behavior in production,2024-11-01 14:10:00
Fix memory leak #757,Applied schema changes required for the new feature set,2024-05-07 15:56:00
Fix CORS issue #758,Updated existing module to improve performance and reliability,2024-12-15 22:13:00
Add analytics #759,Enhanced observability with structured logging,2024-12-06 06:45:00
Update dependencies #760,Fixed concurrent access issue in shared state,2024-08-14 20:54:00
Add pagination #761,Revised docs to reflect recent architectural changes,2024-06-23 05:14:00
Add analytics #762,Bumped library versions to patch known vulnerabilities,2024-04-02 07:35:00
Update dependencies #763,Resolved an issue causing unexpected behavior in production,2024-09-18 00:09:00
Refactor API #764,Applied schema changes required for the new feature set,2024-12-06 09:38:00
Add dark mode #765,Fixed concurrent access issue in shared state,2024-01-22 04:54:00
Add search feature #766,Resolved an issue causing unexpected behavior in production,2024-06-26 04:32:00
Update error handling #767,Refactored code to improve maintainability and readability,2024-05-31 05:49:00
Add dark mode #768,Applied schema changes required for the new feature set,2024-02-27 22:38:00
Update dependencies #769,Bumped library versions to patch known vulnerabilities,2024-12-21 06:03:00
Refactor API #770,Applied schema changes required for the new feature set,2024-11-04 03:49:00
Add dark mode #771,Introduced caching to reduce database load,2024-03-12 03:24:00
Update dependencies #772,Implemented new functionality as requested by the product team,2024-08-23 22:13:00
Fix CORS issue #773,Added comprehensive test coverage for critical paths,2024-12-13 10:28:00
Optimize queries #774,Added throttling to prevent abuse of public endpoints,2024-05-03 06:13:00
Improve logging #775,Applied schema changes required for the new feature set,2024-05-16 03:23:00
Fix validation error #776,Resolved an issue causing unexpected behavior in production,2024-09-27 14:34:00
Database migration #777,Updated existing module to improve performance and reliability,2024-02-14 19:38:00
Add rate limiting #778,Configured automated build and deployment pipeline,2024-09-26 12:59:00
Add websockets #779,Introduced caching to reduce database load,2024-07-20 18:17:00
Fix validation error #780,Introduced caching to reduce database load,2024-10-20 07:57:00
Optimize queries #781,Applied schema changes required for the new feature set,2024-08-23 07:54:00
Add notifications #782,Applied schema changes required for the new feature set,2024-10-19 12:11:00
Setup CI/CD #783,Configured automated build and deployment pipeline,2024-12-09 17:17:00
Add export feature #784,Identified and fixed a resource leak under heavy load,2024-11-08 12:09:00
Fix memory leak #785,Bumped library versions to patch known vulnerabilities,2024-02-08 08:16:00
Add websockets #786,Introduced caching to reduce database load,2024-12-11 19:12:00
Optimize queries #787,Resolved an issue causing unexpected behavior in production,2024-05-18 05:11:00
Add analytics #788,Updated existing module to improve performance and reliability,2024-09-09 06:14:00
Refactor API #789,Added comprehensive test coverage for critical paths,2024-12-25 05:40:00
Fix login bug #790,Updated existing module to improve performance and reliability,2024-08-15 13:57:00
Add rate limiting #791,Bumped library versions to patch known vulnerabilities,2024-07-12 17:31:00
Fix race condition #792,Introduced caching to reduce database load,2024-06-17 01:09:00
Fix race condition #793,Revised docs to reflect recent architectural changes,2024-01-16 21:24:00
Add analytics #794,Added throttling to prevent abuse of public endpoints,2024-07-05 03:24:00
Setup CI/CD #795,Identified and fixed a resource leak under heavy load,2024-07-19 07:23:00
Update documentation #796,Revised docs to reflect recent architectural changes,2024-03-23 03:02:00
Add export feature #797,Applied schema changes required for the new feature set,2024-05-28 04:56:00
Fix CORS issue #798,Fixed concurrent access issue in shared state,2024-11-11 15:26:00
Fix memory leak #799,Configured automated build and deployment pipeline,2024-10-29 05:38:00
Add analytics #800,Resolved an issue causing unexpected behavior in production,2024-09-19 12:40:00
Add export feature #801,Added comprehensive test coverage for critical paths,2024-02-19 16:22:00
Improve logging #802,Revised docs to reflect recent architectural changes,2024-06-11 12:07:00
Add pagination #803,Configured automated build and deployment pipeline,2024-05-08 11:28:00
Fix file upload #804,Refactored code to improve maintainability and readability,2024-05-09 17:30:00
Add pagination #805,Added comprehensive test coverage for critical paths,2024-08-11 22:01:00
Refactor API #806,Fixed concurrent access issue in shared state,2024-01-14 12:36:00
Add analytics #807,Configured automated build and deployment pipeline,2024-10-02 16:25:00
Fix race condition #808,Added throttling to prevent abuse of public endpoints,2024-02-24 10:17:00
Optimize queries #809,Applied schema changes required for the new feature set,2024-10-07 21:50:00
Fix file upload #810,Implemented new functionality as requested by the product team,2024-03-06 04:11:00
Fix timeout issue #811,Implemented new functionality as requested by the product team,2024-11-08 02:05:00
Refactor API #812,Applied schema changes required for the new feature set,2024-04-28 02:46:00
Add caching layer #813,Refactored code to improve maintainability and readability,2024-08-14 07:29:00
Fix CORS issue #814,Implemented new functionality as requested by the product team,2024-09-17 09:40:00
Fix memory leak #815,Added support for paginated responses in the API layer,2024-05-02 17:57:00
Fix memory leak #816,Implemented new functionality as requested by the product team,2024-03-25 14:01:00
Fix validation error #817,Added comprehensive test coverage for critical paths,2024-01-05 21:01:00
Optimize queries #818,Added support for paginated responses in the API layer,2024-03-13 01:34:00
Fix race condition #819,Added support for paginated responses in the API layer,2024-10-11 22:27:00
Refactor middleware #820,Configured automated build and deployment pipeline,2024-12-11 22:04:00
Database migration #821,Configured automated build and deployment pipeline,2024-02-17 05:51:00
Add websockets #822,Bumped library versions to patch known vulnerabilities,2024-02-22 22:06:00
Add export feature #823,Implemented new functionality as requested by the product team,2024-02-29 14:02:00
Add health check #824,Identified and fixed a resource leak under heavy load,2024-12-06 09:57:00
Refactor middleware #825,Applied schema changes required for the new feature set,2024-02-15 15:09:00
Database migration #826,Enhanced observability with structured logging,2024-10-23 23:16:00
Add pagination #827,Resolved an issue causing unexpected behavior in production,2024-11-28 02:35:00
Add notifications #828,Refactored code to improve maintainability and readability,2024-04-14 16:51:00
Fix memory leak #829,Configured automated build and deployment pipeline,2024-12-30 16:02:00
Setup CI/CD #830,Applied schema changes required for the new feature set,2024-11-21 02:39:00
Update dependencies #831,Added throttling to prevent abuse of public endpoints,2024-08-26 23:13:00
Setup CI/CD #832,Added throttling to prevent abuse of public endpoints,2024-12-16 11:21:00
Improve logging #833,Added support for paginated responses in the API layer,2024-10-23 23:34:00
Fix timeout issue #834,Revised docs to reflect recent architectural changes,2024-05-08 11:29:00
Fix memory leak #835,Updated existing module to improve performance and reliability,2024-08-05 10:45:00
Add caching layer #836,Updated existing module to improve performance and reliability,2024-03-09 13:36:00
Add authentication #837,Fixed concurrent access issue in shared state,2024-01-24 16:54:00
Fix CORS issue #838,Revised docs to reflect recent architectural changes,2024-06-12 08:00:00
Refactor middleware #839,Revised docs to reflect recent architectural changes,2024-06-25 09:47:00
Fix timeout issue #840,Applied schema changes required for the new feature set,2024-04-12 08:22:00
Update dashboard #841,Added throttling to prevent abuse of public endpoints,2024-06-29 02:49:00
Add dark mode #842,Added throttling to prevent abuse of public endpoints,2024-04-18 23:23:00
Add analytics #843,Resolved an issue causing unexpected behavior in production,2024-02-27 18:57:00
Add caching layer #844,Implemented new functionality as requested by the product team,2024-02-21 23:09:00
Fix race condition #845,Configured automated build and deployment pipeline,2024-02-11 18:41:00
Add notifications #846,Resolved an issue causing unexpected behavior in production,2024-03-24 17:45:00
Refactor middleware #847,Revised docs to reflect recent architectural changes,2024-01-17 10:06:00
Improve logging #848,Enhanced observability with structured logging,2024-09-13 03:38:00
Add caching layer #849,Refactored code to improve maintainability and readability,2024-05-02 10:19:00
Improve logging #850,Updated existing module to improve performance and reliability,2024-11-08 12:57:00
Add notifications #851,Configured automated build and deployment pipeline,2024-08-05 14:41:00
Add websockets #852,Updated existing module to improve performance and reliability,2024-02-29 19:04:00
Refactor API #853,Identified and fixed a resource leak under heavy load,2024-04-17 10:06:00
Update error handling #854,Applied schema changes required for the new feature set,2024-03-21 14:54:00
Add authentication #855,Applied schema changes required for the new feature set,2024-12-22 19:12:00
Database migration #856,Bumped library versions to patch known vulnerabilities,2024-11-09 21:13:00
Setup CI/CD #857,Identified and fixed a resource leak under heavy load,2024-10-15 13:43:00
Fix validation error #858,Identified and fixed a resource leak under heavy load,2024-12-28 21:15:00
Fix file upload #859,Refactored code to improve maintainability and readability,2024-01-13 16:53:00
Add websockets #860,Applied schema changes required for the new feature set,2024-01-13 07:13:00
Fix race condition #861,Introduced caching to reduce database load,2024-07-09 11:56:00
Fix race condition #862,Implemented new functionality as requested by the product team,2024-11-05 13:52:00
Fix memory leak #863,Implemented new functionality as requested by the product team,2024-02-12 23:22:00
Fix timeout issue #864,Added throttling to prevent abuse of public endpoints,2024-06-03 03:34:00
Setup CI/CD #865,Added comprehensive test coverage for critical paths,2024-03-11 19:05:00
Fix validation error #866,Revised docs to reflect recent architectural changes,2024-04-02 01:13:00
Fix file upload #867,Refactored code to improve maintainability and readability,2024-09-01 10:07:00
Fix timeout issue #868,Introduced caching to reduce database load,2024-05-24 07:25:00
Add unit tests #869,Updated existing module to improve performance and reliability,2024-08-14 02:57:00
Fix login bug #870,Refactored code to improve maintainability and readability,2024-09-19 11:08:00
Add unit tests #871,Updated existing module to improve performance and reliability,2024-03-25 13:29:00
Fix CORS issue #872,Added support for paginated responses in the API layer,2024-02-29 23:40:00
Fix race condition #873,Revised docs to reflect recent architectural changes,2024-05-02 13:58:00
Improve logging #874,Implemented new functionality as requested by the product team,2024-03-12 02:38:00
Optimize queries #875,Added throttling to prevent abuse of public endpoints,2024-07-08 21:47:00
Update documentation #876,Updated existing module to improve performance and reliability,2024-10-19 01:30:00
Add health check #877,Revised docs to reflect recent architectural changes,2024-10-22 01:59:00
Add authentication #878,Revised docs to reflect recent architectural changes,2024-11-14 11:12:00
Add health check #879,Added comprehensive test coverage for critical paths,2024-02-20 23:16:00
Fix file upload #880,Added throttling to prevent abuse of public endpoints,2024-09-23 21:26:00
Database migration #881,Bumped library versions to patch known vulnerabilities,2024-12-05 00:34:00
Add authentication #882,Added support for paginated responses in the API layer,2024-05-03 08:21:00
Database migration #883,Applied schema changes required for the new feature set,2024-10-06 15:08:00
Update error handling #884,Bumped library versions to patch known vulnerabilities,2024-10-30 12:08:00
Fix timeout issue #885,Added comprehensive test coverage for critical paths,2024-08-12 11:24:00
Improve logging #886,Identified and fixed a resource leak under heavy load,2024-03-07 01:03:00
Add health check #887,Added support for paginated responses in the API layer,2024-06-06 19:11:00
Update dependencies #888,Bumped library versions to patch known vulnerabilities,2024-11-07 09:22:00
Add notifications #889,Identified and fixed a resource leak under heavy load,2024-06-21 11:06:00
Add health check #890,Bumped library versions to patch known vulnerabilities,2024-11-05 15:19:00
Add caching layer #891,Bumped library versions to patch known vulnerabilities,2024-01-10 06:34:00
Refactor middleware #892,Implemented new functionality as requested by the product team,2024-12-06 00:48:00
Fix login bug #893,Refactored code to improve maintainability and readability,2024-06-15 14:13:00
Add export feature #894,Introduced caching to reduce database load,2024-10-26 01:26:00
Add export feature #895,Applied schema changes required for the new feature set,2024-01-13 04:34:00
Add health check #896,Applied schema changes required for the new feature set,2024-09-04 03:56:00
Fix timeout issue #897,Added throttling to prevent abuse of public endpoints,2024-11-14 12:36:00
Refactor middleware #898,Enhanced observability with structured logging,2024-04-12 01:24:00
Add authentication #899,Bumped library versions to patch known vulnerabilities,2024-06-17 20:37:00
Update error handling #900,Updated existing module to improve performance and reliability,2024-04-20 02:02:00
Setup CI/CD #901,Resolved an issue causing unexpected behavior in production,2024-08-21 14:45:00
Fix login bug #902,Resolved an issue causing unexpected behavior in production,2024-04-11 18:26:00
Setup CI/CD #903,Refactored code to improve maintainability and readability,2024-02-28 00:59:00
Add health check #904,Revised docs to reflect recent architectural changes,2024-06-20 18:20:00
Fix memory leak #905,Refactored code to improve maintainability and readability,2024-02-04 00:13:00
Add search feature #906,Fixed concurrent access issue in shared state,2024-07-02 13:43:00
Fix login bug #907,Resolved an issue causing unexpected behavior in production,2024-10-14 10:55:00
Add analytics #908,Added throttling to prevent abuse of public endpoints,2024-01-27 22:39:00
Setup CI/CD #909,Added comprehensive test coverage for critical paths,2024-06-23 08:28:00
Fix login bug #910,Refactored code to improve maintainability and readability,2024-11-02 01:03:00
Fix memory leak #911,Added support for paginated responses in the API layer,2024-05-24 18:33:00
Add user roles #912,Configured automated build and deployment pipeline,2024-06-22 20:21:00
Add search feature #913,Identified and fixed a resource leak under heavy load,2024-11-26 12:36:00
Fix race condition #914,Refactored code to improve maintainability and readability,2024-10-07 21:31:00
Add user roles #915,Fixed concurrent access issue in shared state,2024-04-02 06:17:00
Add health check #916,Fixed concurrent access issue in shared state,2024-10-06 17:38:00
Fix validation error #917,Revised docs to reflect recent architectural changes,2024-06-26 17:07:00
Update dashboard #918,Implemented new functionality as requested by the product team,2024-01-02 13:29:00
Add notifications #919,Bumped library versions to patch known vulnerabilities,2024-05-08 08:31:00
Add pagination #920,Configured automated build and deployment pipeline,2024-05-12 09:53:00
Improve logging #921,Revised docs to reflect recent architectural changes,2024-02-20 20:54:00
Optimize queries #922,Refactored code to improve maintainability and readability,2024-12-30 04:09:00
Improve logging #923,Implemented new functionality as requested by the product team,2024-01-27 23:05:00
Add dark mode #924,Bumped library versions to patch known vulnerabilities,2024-01-13 04:48:00
Add analytics #925,Added throttling to prevent abuse of public endpoints,2024-07-19 12:44:00
Update error handling #926,Configured automated build and deployment pipeline,2024-03-18 12:05:00
Fix timeout issue #927,Resolved an issue causing unexpected behavior in production,2024-04-25 18:25:00
Add rate limiting #928,Enhanced observability with structured logging,2024-04-25 23:25:00
Refactor middleware #929,Revised docs to reflect recent architectural changes,2024-10-08 15:25:00
Setup CI/CD #930,Fixed concurrent access issue in shared state,2024-02-01 03:59:00
Fix memory leak #931,Identified and fixed a resource leak under heavy load,2024-05-22 15:46:00
Refactor API #932,Resolved an issue causing unexpected behavior in production,2024-12-24 16:30:00
Refactor middleware #933,Fixed concurrent access issue in shared state,2024-04-07 23:59:00
Add websockets #934,Added support for paginated responses in the API layer,2024-05-05 20:21:00
Add authentication #935,Introduced caching to reduce database load,2024-03-21 16:23:00
Fix timeout issue #936,Implemented new functionality as requested by the product team,2024-01-21 00:18:00
Add unit tests #937,Bumped library versions to patch known vulnerabilities,2024-10-19 11:47:00
Add user roles #938,Implemented new functionality as requested by the product team,2024-03-29 19:41:00
Optimize queries #939,Updated existing module to improve performance and reliability,2024-12-11 23:48:00
Update error handling #940,Revised docs to reflect recent architectural changes,2024-05-27 09:14:00
Optimize queries #941,Added support for paginated responses in the API layer,2024-07-22 20:14:00
Update error handling #942,Refactored code to improve maintainability and readability,2024-01-04 18:57:00
Add unit tests #943,Resolved an issue causing unexpected behavior in production,2024-04-21 22:18:00
Improve logging #944,Bumped library versions to patch known vulnerabilities,2024-03-20 22:39:00
Fix memory leak #945,Identified and fixed a resource leak under heavy load,2024-06-25 19:15:00
Add websockets #946,Identified and fixed a resource leak under heavy load,2024-07-15 14:47:00
Add search feature #947,Added comprehensive test coverage for critical paths,2024-10-11 21:18:00
Add pagination #948,Added support for paginated responses in the API layer,2024-02-08 23:33:00
Update documentation #949,Introduced caching to reduce database load,2024-07-07 01:44:00
Fix timeout issue #950,Introduced caching to reduce database load,2024-07-23 20:24:00
Fix race condition #951,Resolved an issue causing unexpected behavior in production,2024-02-25 18:32:00
Update dashboard #952,Added throttling to prevent abuse of public endpoints,2024-01-29 00:31:00
Refactor middleware #953,Updated existing module to improve performance and reliability,2024-03-06 23:02:00
Add notifications #954,Resolved an issue causing unexpected behavior in production,2024-10-01 21:56:00
Add unit tests #955,Updated existing module to improve performance and reliability,2024-10-01 12:23:00
Fix validation error #956,Bumped library versions to patch known vulnerabilities,2024-10-02 08:38:00
Add user roles #957,Applied schema changes required for the new feature set,2024-07-06 04:05:00
Add user roles #958,Resolved an issue causing unexpected behavior in production,2024-12-14 19:01:00
Add authentication #959,Configured automated build and deployment pipeline,2024-06-23 15:59:00
Add websockets #960,Resolved an issue causing unexpected behavior in production,2024-01-29 09:03:00
Add caching layer #961,Fixed concurrent access issue in shared state,2024-09-05 05:48:00
Add analytics #962,Added comprehensive test coverage for critical paths,2024-06-24 11:42:00
Add notifications #963,Revised docs to reflect recent architectural changes,2024-09-15 14:33:00
Add caching layer #964,Identified and fixed a resource leak under heavy load,2024-12-15 07:22:00
Add analytics #965,Bumped library versions to patch known vulnerabilities,2024-04-22 09:07:00
Setup CI/CD #966,Updated existing module to improve performance and reliability,2024-12-24 07:07:00
Database migration #967,Configured automated build and deployment pipeline,2024-03-03 13:48:00
Update dependencies #968,Added support for paginated responses in the API layer,2024-11-09 06:24:00
Fix timeout issue #969,Added throttling to prevent abuse of public endpoints,2024-01-31 02:28:00
Add dark mode #970,Refactored code to improve maintainability and readability,2024-04-20 10:18:00
Refactor middleware #971,Resolved an issue causing unexpected behavior in production,2024-06-17 10:42:00
Fix login bug #972,Configured automated build and deployment pipeline,2024-09-01 02:36:00
Add dark mode #973,Bumped library versions to patch known vulnerabilities,2024-01-18 12:55:00
Add authentication #974,Revised docs to reflect recent architectural changes,2024-01-05 01:11:00
Add user roles #975,Refactored code to improve maintainability and readability,2024-11-06 02:37:00
Update documentation #976,Resolved an issue causing unexpected behavior in production,2024-11-06 05:29:00
Fix login bug #977,Identified and fixed a resource leak under heavy load,2024-10-13 17:00:00
Add dark mode #978,Resolved an issue causing unexpected behavior in production,2024-06-29 18:05:00
Add caching layer #979,Identified and fixed a resource leak under heavy load,2024-07-15 17:34:00
Add caching layer #980,Fixed concurrent access issue in shared state,2024-07-27 01:39:00
Update dependencies #981,Enhanced observability with structured logging,2024-11-01 21:10:00
Fix memory leak #982,Updated existing module to improve performance and reliability,2024-05-17 01:32:00
Add pagination #983,Configured automated build and deployment pipeline,2024-12-04 07:54:00
Setup CI/CD #984,Updated existing module to improve performance and reliability,2024-12-28 14:33:00
Database migration #985,Implemented new functionality as requested by the product team,2024-02-10 06:06:00
Fix validation error #986,Revised docs to reflect recent architectural changes,2024-08-13 21:27:00
Fix race condition #987,Bumped library versions to patch known vulnerabilities,2024-02-26 22:40:00
Refactor API #988,Resolved an issue causing unexpected behavior in production,2024-10-28 08:23:00
Database migration #989,Applied schema changes required for the new feature set,2024-11-03 12:40:00
Refactor API #990,Added comprehensive test coverage for critical paths,2024-02-21 01:08:00
Add websockets #991,Added support for paginated responses in the API layer,2024-08-06 18:45:00
Fix validation error #992,Configured automated build and deployment pipeline,2024-07-22 06:29:00
Add health check #993,Added comprehensive test coverage for critical paths,2024-04-29 07:42:00
Add analytics #994,Fixed concurrent access issue in shared state,2024-05-10 00:25:00
Fix timeout issue #995,Added comprehensive test coverage for critical paths,2024-11-09 18:59:00
Optimize queries #996,Identified and fixed a resource leak under heavy load,2024-07-13 10:25:00
Add health check #997,Applied schema changes required for the new feature set,2024-03-19 13:42:00
Add authentication #998,Configured automated build and deployment pipeline,2024-09-06 10:18:00
Fix timeout issue #999,Implemented new functionality as requested by the product team,2024-09-29 22:19:00
Setup CI/CD #1000,Fixed concurrent access issue in shared state,2024-09-18 03:18:00
